run_name,category,avg_psnr,best_epoch,latest_epoch,ckpt_tag,plane0_psnr,plane20_psnr,plane39_psnr,inference_tags,arg_arch,arg_diopter_mode,arg_energy_head,arg_channels,arg_bottleneck_modes,arg_use_film,arg_long_skip,arg_activation,arg_num_attn_heads,arg_epochs,arg_batch_size,arg_lr,arg_weight_decay,arg_gm_steps,arg_gm_step_size,arg_eta_schedule,arg_eta_min,arg_langevin_noise,arg_noise_method,arg_noise_scale,arg_clip_image,arg_amp,arg_compositional_ebm,arg_enable_struct,arg_enable_percep,arg_enable_phys,arg_w_struct,arg_w_percep,arg_w_phys,arg_alpha_struct,arg_beta_struct,arg_enable_phys_blur,arg_enable_phys_occ,arg_enable_phys_energy,arg_enable_phys_bokeh,arg_lambda_struct,arg_lambda_percep,arg_lambda_phys,arg_lambda_blur_edge,arg_lambda_occlusion,arg_lambda_energy_conserv,arg_lambda_bokeh,arg_enable_energy_dist,arg_weight_energy_dist,arg_energy_dist_scale,arg_enable_energy_anchor,arg_weight_energy_anchor,arg_single_scene_only,arg_num_scenes,arg_train_bypass,arg_bypass_lambda,arg_bypass_gamma,arg_bypass_warmup,arg_bypass_ramp,arg_sharp_prior,arg_sharp_lambda,arg_sharp_gamma,arg_infer_sharp,arg_infer_sharp_lambda,arg_infer_sharp_gamma,arg_infer_sharp_start,arg_compile,arg_compile_mode,arg_interleave_rate,arg_phys_gamma,arg_kappa_occ,arg_energy_pool_k,arg_bokeh_threshold,arg_bokeh_dilate_k,arg_force_compositional,arg_new_run_on_resume,arg_unmatch_ratio,arg_save_every,arg_scene_idx,arg_plane_idx,arg_resume,arg_resume_dir,arg_data_dir,arg_generated_data_dir,arg_output_dir,arg_run_dir,arg_num_workers,arg_timestamp,arg_ckpt_tag,arg_sharp_gamma_learnable,arg_sharp_gamma_mode,arg_sharp_lambda_learnable,arg_sharp_lambda_mode,arg_sharp_prior_method
gm_scene0_coc_abs_linear_20260428_121511,single_scene,43.55804443359375,194,200,,41.65019226074219,43.85444641113281,45.16949462890625,"best, best_psnr, latest",uresnet_film,coc_abs,fc,128,16,FALSE,FALSE,silu,8,200,1,0.0001,1e-05,50,0.2,linear,0.002,FALSE,constant_scale,0.1,TRUE,TRUE,TRUE,TRUE,FALSE,FALSE,1.0,1.0,1.0,1.0,0.0,FALSE,FALSE,FALSE,FALSE,1e-07,1e-07,1e-07,1.0,1.0,1.0,1.0,FALSE,0.01,1.0,FALSE,0.01,TRUE,0,FALSE,5.0,30.0,0,10,FALSE,10.0,30.0,FALSE,5.0,30.0,0.5,FALSE,reduce-overhead,2,30.0,5.0,31,0.95,15,FALSE,FALSE,0,10,0,"0,20,39",,,../varifocal/data,,runs_gm,,4,20260428_121511,all,FALSE,,FALSE,,
gm_scene0_coc_abs_linear_20260424_200047,single_scene,42.454095204671226,195,200,,40.1393928527832,42.711326599121094,44.511566162109375,best_psnr,uresnet_hybrid,coc_abs,fc,64,,FALSE,FALSE,silu,8,200,1,0.0001,1e-05,50,0.2,linear,0.002,FALSE,constant_scale,0.1,TRUE,TRUE,TRUE,TRUE,FALSE,FALSE,1.0,1.0,1.0,1.0,0.0,FALSE,FALSE,FALSE,FALSE,1e-07,1e-07,1e-07,1.0,1.0,1.0,1.0,FALSE,0.01,1.0,FALSE,0.01,TRUE,0,FALSE,5.0,30.0,0,10,FALSE,10.0,30.0,FALSE,5.0,30.0,0.5,FALSE,reduce-overhead,2,30.0,5.0,31,0.95,15,FALSE,FALSE,0,10,0,"0,20,39",,,../varifocal/data,,runs_gm,,4,20260424_200047,all,FALSE,,FALSE,,
gm_scene0_coc_abs_linear_20260422_025833,single_scene,42.423447926839195,200,200,,39.868316650390625,42.563011169433594,44.83901596069336,"best, best_psnr, latest",resnet_film,coc_abs,fc,128,,FALSE,FALSE,silu,,200,1,0.0001,1e-05,50,0.2,linear,0.002,FALSE,constant_scale,0.1,TRUE,TRUE,TRUE,TRUE,FALSE,FALSE,1.0,1.0,1.0,1.0,0.0,FALSE,FALSE,FALSE,FALSE,1e-07,1e-07,1e-07,1.0,1.0,1.0,1.0,FALSE,0.01,1.0,FALSE,0.01,TRUE,0,FALSE,5.0,30.0,0,10,FALSE,10.0,30.0,FALSE,5.0,30.0,0.5,FALSE,reduce-overhead,2,30.0,5.0,31,0.95,15,FALSE,FALSE,0,5,0,"0,20,39",runs_gm/gm_scene0_coc_abs_linear_20260422_025833/latest.pth,runs_gm/gm_scene0_coc_abs_linear_20260422_025833,../varifocal/data,,runs_gm,,4,20260423_161101,all,FALSE,,FALSE,,
gm_scene0_coc_abs_linear_20260423_173758,single_scene,42.03189595540365,199,200,,40.911956787109375,42.71010971069336,42.4736213684082,"best, best_psnr, latest",uresnet_film,coc_abs,fc,128,,FALSE,FALSE,silu,8,200,1,0.0001,1e-05,50,0.2,linear,0.002,FALSE,constant_scale,0.1,FALSE,FALSE,TRUE,TRUE,FALSE,FALSE,1.0,1.0,1.0,1.0,0.0,FALSE,FALSE,FALSE,FALSE,1e-07,1e-07,1e-07,1.0,1.0,1.0,1.0,FALSE,0.01,1.0,FALSE,0.01,TRUE,0,FALSE,5.0,30.0,0,10,FALSE,10.0,30.0,FALSE,5.0,30.0,0.5,FALSE,reduce-overhead,2,30.0,5.0,31,0.95,15,FALSE,FALSE,0,1,0,"0,20,39",runs_gm/gm_scene0_coc_abs_linear_20260423_173758/latest.pth,runs_gm/gm_scene0_coc_abs_linear_20260423_173758,../varifocal/data,,runs_gm,,4,20260425_022334,all,FALSE,,FALSE,,
gm_scene0_coc_abs_linear_20260325_200924,single_scene,40.510756174723305,200,200,,38.30807876586914,40.798362731933594,42.42582702636719,"best, best_psnr, latest",resnet_film,coc_abs,fc,128,,FALSE,FALSE,silu,,200,1,0.0001,1e-05,50,0.2,linear,0.002,FALSE,constant_scale,0.1,,,,,,,,,,,,,,,,,,,,,,,,,,,,TRUE,0,,,,,,FALSE,10.0,30.0,,,,,,,2,,,,,,,,0,10,0,"0,20,39",runs_gm/gm_scene0_coc_abs_linear_20260325_200924/latest.pth,runs_gm/gm_scene0_coc_abs_linear_20260325_200924,../varifocal/data,,runs_gm,,4,20260331_124426,all,,,,,
gm_scene0_coc_abs_linear_20260421_142813_resumed,single_scene,38.533651987711586,217,218,,36.816993713378906,39.45042419433594,39.33353805541992,best_psnr,resnet_film,coc_abs,fc,128,,FALSE,FALSE,silu,,250,1,0.0001,1e-05,50,0.2,linear,0.002,FALSE,constant_scale,0.1,,FALSE,TRUE,TRUE,FALSE,FALSE,1.0,1.0,1.0,1.0,0.0,FALSE,FALSE,FALSE,FALSE,1e-11,1e-07,1e-07,1.0,1.0,1.0,1.0,FALSE,0.01,1.0,TRUE,0.01,TRUE,0,FALSE,5.0,30.0,0,10,FALSE,10.0,30.0,FALSE,5.0,30.0,0.5,FALSE,reduce-overhead,2,30.0,5.0,31,0.95,15,TRUE,TRUE,0,10,0,"0,20,39",runs_gm/gm_scene0_coc_abs_linear_20260325_200924/latest.pth,runs_gm/gm_scene0_coc_abs_linear_20260325_200924,../varifocal/data,,runs_gm,,4,20260421_142813,all,FALSE,,FALSE,,
gm_coc_abs_conv1x1_linear_20260327_131349,90scene,38.03688303629557,17,17,,37.46308135986328,38.42815017700195,38.219417572021484,".ipynb_checkpoints, best, best_psnr, latest",resnet_film,coc_abs,conv1x1,128,,FALSE,FALSE,silu,,30,1,0.0001,1e-05,50,0.2,linear,0.002,FALSE,constant_scale,0.1,,FALSE,FALSE,FALSE,FALSE,FALSE,1.0,1.0,1.0,1.0,1.0,FALSE,FALSE,FALSE,FALSE,1e-07,1e-07,1e-07,1.0,1.0,1.0,1.0,FALSE,0.01,1.0,FALSE,0.01,FALSE,0,FALSE,5.0,30.0,0,10,FALSE,10.0,30.0,FALSE,5.0,30.0,0.5,FALSE,reduce-overhead,2,30.0,5.0,31,0.95,15,,,0,1,0,"0,20,39",runs_gm/gm_coc_abs_conv1x1_linear_20260327_131349/latest.pth,runs_gm/gm_coc_abs_conv1x1_linear_20260327_131349,../varifocal/data,,runs_gm,,4,20260416_101551,all,FALSE,,FALSE,,
gm_scene0_coc_abs_linear_20260501_233819_resumed,single_scene,36.20464070638021,330,336,,34.67306137084961,37.094520568847656,36.84634017944336,"best, best_psnr, latest",uresnet_film,coc_abs,fc,128,16,FALSE,FALSE,silu,8,400,1,0.0001,1e-05,50,0.2,linear,0.002,FALSE,constant_scale,0.1,TRUE,TRUE,TRUE,TRUE,FALSE,TRUE,1.0,1.0,1.0,1.0,0.0,FALSE,FALSE,TRUE,FALSE,1e-07,1e-07,1e-07,1.0,1.0,1.0,1.0,FALSE,0.01,1.0,FALSE,0.01,TRUE,0,FALSE,5.0,30.0,0,10,FALSE,10.0,30.0,FALSE,5.0,30.0,0.5,FALSE,reduce-overhead,2,30.0,5.0,31,0.95,15,FALSE,TRUE,0,10,0,"0,20,39",runs_gm/gm_scene0_coc_abs_linear_20260428_121511/latest.pth,runs_gm/gm_scene0_coc_abs_linear_20260428_121511,../varifocal/data,,runs_gm,,4,20260501_233819,all,FALSE,,FALSE,,
gm_coc_abs_conv1x1_linear_20260429_132910,90scene,35.48240280151367,3,5,,35.04330825805664,35.99287414550781,35.41102600097656,"best, best_psnr, latest",uresnet_film,coc_abs,conv1x1,128,16,FALSE,FALSE,silu,8,20,1,0.0001,1e-05,50,0.2,linear,0.002,FALSE,constant_scale,0.1,TRUE,TRUE,TRUE,TRUE,FALSE,FALSE,1.0,1.0,1.0,1.0,0.0,FALSE,FALSE,FALSE,FALSE,1e-07,1e-07,1e-07,1.0,1.0,1.0,1.0,FALSE,0.01,1.0,FALSE,0.01,FALSE,-1,FALSE,5.0,30.0,0,10,FALSE,10.0,30.0,FALSE,5.0,30.0,0.5,FALSE,reduce-overhead,2,30.0,5.0,31,0.95,15,FALSE,FALSE,0,1,0,"0,20,39",,,../varifocal/data,,runs_gm,,4,20260429_132910,all,FALSE,,FALSE,,
gm_scene0_coc_abs_linear_20260430_210752_resumed,single_scene,35.261878967285156,339,341,,33.668853759765625,36.449588775634766,35.66719436645508,"best, best_psnr, latest",uresnet_film,coc_abs,fc,128,16,FALSE,FALSE,silu,8,400,1,0.0001,1e-05,50,0.2,linear,0.002,FALSE,constant_scale,0.1,TRUE,TRUE,TRUE,TRUE,FALSE,TRUE,1.0,1.0,1.0,1.0,0.0,FALSE,TRUE,FALSE,FALSE,1e-07,1e-07,1e-07,1.0,1.0,1.0,1.0,FALSE,0.01,1.0,FALSE,0.01,TRUE,0,FALSE,5.0,30.0,0,10,FALSE,10.0,30.0,FALSE,5.0,30.0,0.5,FALSE,reduce-overhead,2,30.0,5.0,31,0.95,15,FALSE,TRUE,0,10,0,"0,20,39",runs_gm/gm_scene0_coc_abs_linear_20260428_121511/latest.pth,runs_gm/gm_scene0_coc_abs_linear_20260428_121511,../varifocal/data,,runs_gm,,4,20260430_210753,all,FALSE,,FALSE,,
gm_scene0_coc_abs_linear_20260325_200543,single_scene,34.880104064941406,99,100,,33.142757415771484,35.69868850708008,35.798866271972656,"best, best_psnr, latest",resnet,coc_abs,fc,128,,TRUE,FALSE,silu,,100,1,0.0001,1e-05,50,0.2,linear,0.002,FALSE,,,,,,,,,,,,,,,,,,,,,,,,,,,,,,TRUE,0,,,,,,FALSE,10.0,30.0,,,,,,,2,,,,,,,,0,10,0,"0,20,39",,,../varifocal/data,,runs_gm,,4,20260325_200543,all,,,,,
gm_coc_abs_conv1x1_linear_20260425_104716,90scene,34.04557673136393,4,7,,33.57650375366211,34.506813049316406,34.05341339111328,"best, best_psnr, latest",uresnet_hybrid,coc_abs,conv1x1,64,16,FALSE,FALSE,silu,8,20,1,0.0001,1e-05,50,0.2,linear,0.002,FALSE,constant_scale,0.1,TRUE,TRUE,TRUE,TRUE,FALSE,FALSE,1.0,1.0,1.0,1.0,0.0,FALSE,FALSE,FALSE,FALSE,1e-07,1e-07,1e-07,1.0,1.0,1.0,1.0,FALSE,0.01,1.0,FALSE,0.01,FALSE,-1,FALSE,5.0,30.0,0,10,FALSE,10.0,30.0,FALSE,5.0,30.0,0.5,FALSE,reduce-overhead,2,30.0,5.0,31,0.95,15,FALSE,FALSE,0,1,0,"0,20,39",runs_gm/gm_coc_abs_conv1x1_linear_20260425_104716/latest.pth,runs_gm/gm_coc_abs_conv1x1_linear_20260425_104716,../varifocal/data,,runs_gm,,4,20260503_060736,all,FALSE,,FALSE,,
gm_coc_abs_linear_20260327_131355,90scene,33.91348393758138,8,8,,32.71946716308594,35.04301452636719,33.977970123291016,"best, best_psnr, latest",resnet_film,coc_abs,fc,128,,FALSE,FALSE,silu,,10,1,0.0001,1e-05,50,0.2,linear,0.002,FALSE,constant_scale,0.1,,,,,,,,,,,,,,,,,,,,,,,,,,,,FALSE,0,,,,,,FALSE,10.0,30.0,,,,,,,2,,,,,,,,0,1,0,"0,20,39",runs_gm/gm_coc_abs_linear_20260327_131355/latest.pth,runs_gm/gm_coc_abs_linear_20260327_131355,../varifocal/data,,runs_gm,,4,20260403_033842,all,,fixed,,learnable,penalty
gm_scene0_coc_abs_linear_20260323_203943,single_scene,33.54039637247721,69,100,,29.963760375976562,34.10642623901367,36.551002502441406,"best, best_psnr, latest",resnet,coc_abs,fc,128,,TRUE,FALSE,silu,,100,1,0.0001,1e-05,50,0.2,linear,0.002,FALSE,,,,,,,,,,,,,,,,,,,,,,,,,,,,,,TRUE,0,,,,,,FALSE,10.0,30.0,,,,,,,2,,,,,,,,0,5,0,"0,20,39",runs_gm/gm_scene0_coc_abs_linear_20260323_203943/latest.pth,runs_gm/gm_scene0_coc_abs_linear_20260323_203943,../varifocal/data,,runs_gm,,4,20260324_173347,all,,,,,
gm_coc_abs_conv1x1_linear_20260406_142512,10scene,33.27040990193685,41,41,,32.242958068847656,34.3749885559082,33.19328308105469,"best, best_psnr, latest",resnet_film,coc_abs,conv1x1,128,,FALSE,FALSE,silu,,100,1,0.0001,1e-05,50,0.2,linear,0.002,FALSE,constant_scale,0.1,,FALSE,,,,,,,,,,,,,,,,,,,,,,,,,,FALSE,10,FALSE,5.0,30.0,0,10,FALSE,10.0,30.0,FALSE,5.0,30.0,0.5,FALSE,reduce-overhead,2,,,,,,,,0,5,0,"0,20,39",runs_gm/gm_coc_abs_conv1x1_linear_20260406_142512/latest.pth,runs_gm/gm_coc_abs_conv1x1_linear_20260406_142512,../varifocal/data,,runs_gm,,4,20260410_132838,all,FALSE,,FALSE,,
gm_scene0_coc_signed_linear_20260325_125534,single_scene,33.24865531921387,94,100,,31.203439712524414,34.27631759643555,34.26620864868164,"best, best_psnr, latest",resnet_film,coc_signed,fc,128,,FALSE,FALSE,silu,,100,1,0.0001,1e-05,50,0.2,linear,0.002,FALSE,,,,,,,,,,,,,,,,,,,,,,,,,,,,,,TRUE,0,,,,,,FALSE,10.0,30.0,,,,,,,2,,,,,,,,0,10,0,"0,20,39",,,../varifocal/data,,runs_gm,,4,20260325_125534,all,,,,,
gm_scene0_coc_abs_linear_20260416_211500,single_scene,33.027710596720375,60,60,,31.55301856994629,33.847572326660156,33.68254089355469,best_psnr,resnet_film,coc_abs,fc,128,,FALSE,FALSE,silu,,200,1,0.0001,1e-05,50,0.2,linear,0.002,FALSE,constant_scale,0.1,,TRUE,FALSE,FALSE,FALSE,FALSE,1.0,1.0,1.0,1.0,1.0,FALSE,FALSE,FALSE,FALSE,1e-07,1e-07,1e-07,1.0,1.0,1.0,1.0,FALSE,0.01,1.0,FALSE,0.01,TRUE,0,FALSE,5.0,30.0,0,10,FALSE,10.0,30.0,FALSE,5.0,30.0,0.5,FALSE,reduce-overhead,2,30.0,5.0,31,0.95,15,,,0,5,0,"0,20,39",,,../varifocal/data,,runs_gm,,4,20260416_211500,all,FALSE,,FALSE,,
gm_coc_abs_conv1x1_linear_20260409_175203,10scene,32.2446346282959,30,32,,31.09423828125,33.676822662353516,31.96284294128418,"best, best_psnr, latest",resnet_film,coc_abs,conv1x1,128,,FALSE,FALSE,silu,,100,1,0.0001,1e-05,50,0.2,linear,0.002,FALSE,constant_scale,0.1,,FALSE,,,,,,,,,,,,,,,,,,,,,,,,,,FALSE,10,FALSE,5.0,30.0,0,10,TRUE,1.0,100.0,FALSE,5.0,30.0,0.5,FALSE,reduce-overhead,2,,,,,,,,0,5,0,"0,20,39",runs_gm/gm_coc_abs_conv1x1_linear_20260409_175203/latest.pth,runs_gm/gm_coc_abs_conv1x1_linear_20260409_175203,../varifocal/data,,runs_gm,,4,20260412_221941,all,FALSE,,FALSE,,
gm_coc_abs_conv1x1_linear_20260423_181718,90scene,32.05296643575033,5,5,,31.12981605529785,33.12538528442383,31.903697967529297,"best, best_psnr, latest",uresnet_film,coc_abs,conv1x1,128,,FALSE,FALSE,silu,,20,1,0.0001,1e-05,50,0.2,linear,0.002,FALSE,constant_scale,0.1,TRUE,TRUE,TRUE,TRUE,FALSE,FALSE,1.0,1.0,1.0,1.0,0.0,FALSE,FALSE,FALSE,FALSE,1e-07,1e-07,1e-07,1.0,1.0,1.0,1.0,FALSE,0.01,1.0,FALSE,0.01,FALSE,-1,FALSE,5.0,30.0,0,10,FALSE,10.0,30.0,FALSE,5.0,30.0,0.5,FALSE,reduce-overhead,2,30.0,5.0,31,0.95,15,FALSE,FALSE,0,1,0,"0,20,39",,,../varifocal/data,,runs_gm,,4,20260423_181718,all,FALSE,,FALSE,,
gm_scene0_coc_abs_linear_20260330_131103,single_scene,31.928165435791016,99,100,,30.8541259765625,32.40462875366211,32.52574157714844,"best, best_psnr, latest",resnet_film,coc_abs,fc,128,,FALSE,FALSE,silu,,100,1,0.0001,1e-05,50,0.2,linear,0.002,TRUE,constant_scale,0.1,,,,,,,,,,,,,,,,,,,,,,,,,,,,TRUE,0,,,,,,FALSE,10.0,30.0,,,,,,,2,,,,,,,,0,10,0,"0,20,39",,,../varifocal/data,,runs_gm,,4,20260330_131103,all,,,,,
gm_scene0_coc_abs_linear_20260428_123717,single_scene,31.822589874267578,49,51,,30.315227508544922,32.59698486328125,32.55555725097656,best_psnr,uresnet_fno,coc_abs,fc,32,16,FALSE,FALSE,silu,8,200,1,0.0001,1e-05,50,0.2,linear,0.002,FALSE,constant_scale,0.1,TRUE,TRUE,TRUE,TRUE,FALSE,FALSE,1.0,1.0,1.0,1.0,0.0,FALSE,FALSE,FALSE,FALSE,1e-07,1e-07,1e-07,1.0,1.0,1.0,1.0,FALSE,0.01,1.0,FALSE,0.01,TRUE,0,FALSE,5.0,30.0,0,10,FALSE,10.0,30.0,FALSE,5.0,30.0,0.5,FALSE,reduce-overhead,2,30.0,5.0,31,0.95,15,FALSE,FALSE,0,10,0,"0,20,39",,,../varifocal/data,,runs_gm,,4,20260428_123717,all,FALSE,,FALSE,,
gm_scene0_coc_abs_conv1x1_linear_20260401_164601,single_scene,31.718462626139324,200,200,,31.107084274291992,32.93196105957031,31.116342544555664,"best, best_psnr, latest",resnet_film,coc_abs,conv1x1,128,,FALSE,FALSE,silu,,200,1,0.0001,1e-05,50,0.2,linear,0.002,FALSE,constant_scale,0.1,,,,,,,,,,,,,,,,,,,,,,,,,,,,TRUE,0,,,,,,FALSE,10.0,100.0,,,,,,,2,,,,,,,,0,5,0,"0,20,39",runs_gm/gm_scene0_coc_abs_conv1x1_linear_20260401_164601/latest.pth,runs_gm/gm_scene0_coc_abs_conv1x1_linear_20260401_164601,../varifocal/data,,runs_gm,,4,20260403_232939,all,,,,,
gm_scene0_coc_abs_linear_20260421_162835_resumed,single_scene,31.690020243326824,201,203,,31.259593963623047,33.49832534790039,30.31214141845703,best_psnr,resnet_film,coc_abs,fc,128,,FALSE,FALSE,silu,,250,1,0.0001,1e-05,50,0.2,linear,0.002,FALSE,constant_scale,0.1,,TRUE,TRUE,TRUE,TRUE,FALSE,1.0,0.1,1.0,1.0,0.0,FALSE,FALSE,FALSE,FALSE,1e-07,1e-07,1e-07,1.0,1.0,1.0,1.0,FALSE,0.01,1.0,FALSE,0.01,TRUE,0,FALSE,5.0,30.0,0,10,FALSE,10.0,30.0,FALSE,5.0,30.0,0.5,FALSE,reduce-overhead,2,30.0,5.0,31,0.95,15,TRUE,TRUE,0,10,0,"0,20,39",runs_gm/gm_scene0_coc_abs_linear_20260325_200924/latest.pth,runs_gm/gm_scene0_coc_abs_linear_20260325_200924,../varifocal/data,,runs_gm,,4,20260421_162835,all,FALSE,,FALSE,,
gm_scene0_coc_abs_linear_20260421_181417_resumed,single_scene,30.521907170613606,201,206,,30.013492584228516,31.880090713500977,29.672138214111328,best_psnr,resnet_film,coc_abs,fc,128,,FALSE,FALSE,silu,,250,1,0.0001,1e-05,50,0.2,linear,0.002,FALSE,constant_scale,0.1,,TRUE,TRUE,TRUE,TRUE,FALSE,1.0,0.1,1.0,1.0,0.0,FALSE,FALSE,FALSE,FALSE,1e-07,1e-07,1e-07,1.0,1.0,1.0,1.0,FALSE,0.01,1.0,FALSE,0.01,TRUE,0,FALSE,5.0,30.0,0,10,FALSE,10.0,30.0,FALSE,5.0,30.0,0.5,FALSE,reduce-overhead,2,30.0,5.0,31,0.95,15,TRUE,TRUE,0,10,0,"0,20,39",runs_gm/gm_scene0_coc_abs_linear_20260325_200924/latest.pth,runs_gm/gm_scene0_coc_abs_linear_20260325_200924,../varifocal/data,,runs_gm,,4,20260421_181417,all,FALSE,,FALSE,,
gm_scene0_coc_linear_20260319_150917,single_scene,30.427189509073894,38,100,,28.55487823486328,30.666311264038086,32.06037902832031,".ipynb_checkpoints, best, best_psnr, latest",resnet,coc,fc,128,,TRUE,,,,100,1,0.0001,1e-05,50,0.2,linear,0.002,FALSE,,,,,,,,,,,,,,,,,,,,,,,,,,,,,,TRUE,0,,,,,,,,,,,,,,,,,,,,,,,0,5,0,"0,20,39",,,../varifocal/data,,runs_gm,,4,20260319_150917,all,,,,,
gm_scene0_coc_abs_linear_20260323_124739,single_scene,29.7089360555013,56,71,,28.02960205078125,29.971927642822266,31.12527847290039,"best, best_psnr, latest",resnet_film,coc_abs,fc,128,,FALSE,FALSE,,,100,1,0.0001,1e-05,50,0.2,linear,0.002,FALSE,,,,,,,,,,,,,,,,,,,,,,,,,,,,,,TRUE,0,,,,,,,,,,,,,,,2,,,,,,,,0,5,0,"0,20,39",,,../varifocal/data,,runs_gm,,4,20260323_124739,all,,,,,
gm_scene0_coc_abs_linear_20260413_163300,single_scene,29.250905990600586,68,69,,28.680322647094727,30.023235321044922,29.04916000366211,best_psnr,resnet,coc_abs,fc,128,,TRUE,FALSE,silu,,100,1,0.0001,1e-05,50,0.2,linear,0.002,FALSE,constant_scale,0.1,,FALSE,,,,,,,,,,,,,,,,,,,,,TRUE,1e-11,1.0,TRUE,1e-11,TRUE,0,FALSE,5.0,30.0,0,10,FALSE,10.0,30.0,FALSE,5.0,30.0,0.5,FALSE,reduce-overhead,2,,,,,,,,0,5,0,"0,20,39",,,../varifocal/data,,runs_gm,,4,20260413_163300,all,FALSE,,FALSE,,
gm_scene0_coc_abs_linear_20260417_132505,single_scene,28.692691167195637,198,200,,27.930213928222656,30.061065673828125,28.086793899536133,"best, best_psnr, latest",resnet_film,coc_abs,fc,128,,FALSE,FALSE,silu,,200,1,0.0001,1e-05,50,0.2,linear,0.002,FALSE,constant_scale,0.1,,TRUE,TRUE,TRUE,FALSE,FALSE,1.0,1.0,1.0,1.0,0.0,FALSE,FALSE,FALSE,FALSE,0.0,0.0,0.0,1.0,1.0,1.0,1.0,FALSE,0.01,1.0,FALSE,0.01,TRUE,0,FALSE,5.0,30.0,0,10,FALSE,10.0,30.0,FALSE,5.0,30.0,0.5,FALSE,reduce-overhead,2,30.0,5.0,31,0.95,15,,,0,5,0,"0,20,39",,,../varifocal/data,,runs_gm,,4,20260417_132506,all,FALSE,,FALSE,,
gm_scene0_coc_signed_linear_20260318_130552,single_scene,28.376134872436523,43,100,,23.711557388305664,30.108596801757812,31.308250427246094,".ipynb_checkpoints, best, best_psnr, latest",film_resnet,coc_signed,fc,128,,,,,,100,1,0.0001,1e-05,50,0.2,linear,0.002,FALSE,,,,,,,,,,,,,,,,,,,,,,,,,,,,,,TRUE,0,,,,,,,,,,,,,,,,,,,,,,,0,5,0,"0,20,39",,,../varifocal/data,,runs_gm,,4,20260318_130552,all,,,,,
gm_scene0_coc_abs_linear_20260421_212128,single_scene,28.305191040039062,11,11,,27.138687133789062,29.342517852783203,28.434368133544922,best_psnr,resnet_film,coc_abs,fc,128,,FALSE,FALSE,relu,,100,1,0.0001,1e-05,50,0.2,linear,0.002,FALSE,constant_scale,0.1,TRUE,TRUE,TRUE,TRUE,FALSE,FALSE,1.0,1.0,1.0,1.0,0.0,FALSE,FALSE,FALSE,FALSE,1e-07,1e-07,1e-07,1.0,1.0,1.0,1.0,FALSE,0.01,1.0,FALSE,0.01,TRUE,0,FALSE,5.0,30.0,0,10,FALSE,10.0,30.0,FALSE,5.0,30.0,0.5,FALSE,reduce-overhead,2,30.0,5.0,31,0.95,15,FALSE,FALSE,0,5,0,"0,20,39",,,../varifocal/data,,runs_gm,,4,20260421_212128,all,FALSE,,FALSE,,
gm_scene0_coc_abs_linear_20260417_132729,single_scene,27.967836380004883,200,200,,27.18524932861328,29.106779098510742,27.611480712890625,"best, best_psnr, latest",resnet_film,coc_abs,fc,128,,FALSE,FALSE,silu,,200,1,0.0001,1e-05,50,0.2,linear,0.002,FALSE,constant_scale,0.1,,TRUE,TRUE,TRUE,FALSE,FALSE,1.0,1.0,1.0,1.0,1.0,FALSE,FALSE,FALSE,FALSE,0.0,0.0,0.0,1.0,1.0,1.0,1.0,FALSE,0.01,1.0,FALSE,0.01,TRUE,0,FALSE,5.0,30.0,0,10,FALSE,10.0,30.0,FALSE,5.0,30.0,0.5,FALSE,reduce-overhead,2,30.0,5.0,31,0.95,15,,,0,5,0,"0,20,39",,,../varifocal/data,,runs_gm,,4,20260417_132729,all,FALSE,,FALSE,,
gm_scene0_coc_linear_20260314_160511,single_scene,27.86132049560547,29,75,,26.57090187072754,29.92376136779785,27.089298248291016,".ipynb_checkpoints, best, best_psnr, latest",resnet,coc,fc,,,,,,,100,1,0.0001,1e-05,50,0.2,linear,0.002,FALSE,,,,,,,,,,,,,,,,,,,,,,,,,,,,,,TRUE,0,,,,,,,,,,,,,,,,,,,,,,,0,5,0,"0,20,39",,,../varifocal/data,,runs_gm,,4,20260314_160511,all,,,,,
gm_scene0_coc_abs_conv1x1_linear_20260319_151904,single_scene,27.80388069152832,37,37,,27.302778244018555,28.382537841796875,27.72632598876953,"best, best_psnr, latest",convnext_unet,coc_abs,conv1x1,128,,FALSE,,,,100,1,0.0001,1e-05,50,0.2,linear,0.002,FALSE,,,,,,,,,,,,,,,,,,,,,,,,,,,,,,TRUE,0,,,,,,,,,,,,,,,,,,,,,,,0,5,0,"0,20,39",,,../varifocal/data,,runs_gm,,4,20260319_151904,all,,,,,
gm_scene0_coc_linear_20260320_063400,single_scene,27.803807576497395,26,41,,26.65672492980957,29.030397415161133,27.724300384521484,"best, best_psnr, latest",resunet,coc,fc,64,,TRUE,,,,100,1,0.0001,1e-05,50,0.2,linear,0.002,FALSE,,,,,,,,,,,,,,,,,,,,,,,,,,,,,,TRUE,0,,,,,,,,,,,,,,,,,,,,,,,0,5,0,"0,20,39",,,../varifocal/data,,runs_gm,,4,20260320_063400,all,,,,,
gm_scene0_coc_linear_20260318_112238,single_scene,27.595970789591473,19,50,,26.1184024810791,29.609134674072266,27.060375213623047,best_psnr,resnet,coc,fc,128,,,,,,50,1,0.0001,1e-05,50,0.2,linear,0.002,FALSE,,,,,,,,,,,,,,,,,,,,,,,,,,,,,,TRUE,0,,,,,,,,,,,,,,,,,,,,,,,0,5,0,"0,20,39",,,../varifocal/data,,runs_gm,,4,20260318_112238,all,,,,,
gm_scene0_coc_linear_20260326_135234,single_scene,27.462356567382812,18,100,,28.177799224853516,28.715112686157227,25.494157791137695,best_psnr,resnet_film,coc,fc,128,,FALSE,FALSE,silu,,100,1,0.0001,1e-05,50,0.2,linear,0.002,FALSE,,,,,,,,,,,,,,,,,,,,,,,,,,,,,,TRUE,0,,,,,,TRUE,5.0,50.0,,,,,,,2,,,,,,,,0,5,0,"0,20,39",,,../varifocal/data,,runs_gm,,4,20260326_135234,all,,,,,
gm_scene0_coc_signed_linear_20260319_150817,single_scene,27.385334650675457,42,100,,25.66253662109375,29.38388442993164,27.109582901000977,"best, best_psnr, latest",resnet,coc_signed,fc,128,,FALSE,,,,100,1,0.0001,1e-05,50,0.2,linear,0.002,FALSE,,,,,,,,,,,,,,,,,,,,,,,,,,,,,,TRUE,0,,,,,,,,,,,,,,,,,,,,,,,0,5,0,"0,20,39",,,../varifocal/data,,runs_gm,,4,20260319_150817,all,,,,,
gm_scene0_coc_linear_20260403_225919,single_scene,27.247392018636067,11,52,,28.020263671875,28.29066276550293,25.431249618530273,"best, best_psnr, latest",resnet_film,coc,fc,128,,FALSE,FALSE,silu,,100,1,0.0001,1e-05,50,0.2,linear,0.002,FALSE,constant_scale,0.1,,,,,,,,,,,,,,,,,,,,,,,,,,,,TRUE,0,,,,,,TRUE,5.0,50.0,,,,,,,2,,,,,,,,0,10,0,"0,20,39",,,../varifocal/data,,runs_gm,,4,20260403_225919,all,,,,,
gm_coc_abs_conv1x1_linear_20260409_155113,10scene,26.742184321085613,11,11,,25.947114944458008,27.96108055114746,26.318357467651367,best_psnr,dwt_resnet_film,coc_abs,conv1x1,128,,FALSE,FALSE,silu,,100,1,0.0001,1e-05,50,0.2,linear,0.002,FALSE,constant_scale,0.1,,FALSE,,,,,,,,,,,,,,,,,,,,,,,,,,FALSE,10,FALSE,5.0,30.0,0,10,FALSE,10.0,30.0,FALSE,5.0,30.0,0.5,FALSE,reduce-overhead,2,,,,,,,,0,5,0,"0,20,39",runs_gm/gm_coc_abs_conv1x1_linear_20260409_155113/latest.pth,runs_gm/gm_coc_abs_conv1x1_linear_20260409_155113,../varifocal/data,,runs_gm,,4,20260410_131747,all,FALSE,,FALSE,,
gm_scene0_coc_abs_linear_20260422_012028,single_scene,26.716266632080078,74,74,,25.969593048095703,27.860084533691406,26.319122314453125,"best, best_psnr, latest",resnet_film,coc_abs,fc,128,,FALSE,FALSE,silu,,100,1,0.0001,1e-05,50,0.2,linear,0.002,FALSE,constant_scale,0.1,TRUE,TRUE,TRUE,TRUE,TRUE,FALSE,1.0,0.01,1.0,1.0,0.0,FALSE,FALSE,FALSE,FALSE,1e-07,1e-07,1e-07,1.0,1.0,1.0,1.0,FALSE,0.01,1.0,FALSE,0.01,TRUE,0,FALSE,5.0,30.0,0,10,FALSE,10.0,30.0,FALSE,5.0,30.0,0.5,FALSE,reduce-overhead,2,30.0,5.0,31,0.95,15,FALSE,FALSE,0,5,0,"0,20,39",,,../varifocal/data,,runs_gm,,4,20260422_012028,all,FALSE,,FALSE,,
gm_scene0_coc_abs_linear_20260417_172611,single_scene,26.604712168375652,64,140,,25.836923599243164,27.867107391357422,26.110105514526367,"best, best_psnr, latest",resnet_film,coc_abs,fc,128,,FALSE,FALSE,silu,,200,1,0.0001,1e-05,50,0.2,linear,0.002,FALSE,constant_scale,0.1,,TRUE,TRUE,TRUE,TRUE,FALSE,1.0,1.0,1.0,1.0,0.0,FALSE,FALSE,FALSE,FALSE,0.0,0.0,0.0,1.0,1.0,1.0,1.0,FALSE,0.01,1.0,FALSE,0.01,TRUE,0,FALSE,5.0,30.0,0,10,FALSE,10.0,30.0,FALSE,5.0,30.0,0.5,FALSE,reduce-overhead,2,30.0,5.0,31,0.95,15,,,0,5,0,"0,20,39",,,../varifocal/data,,runs_gm,,4,20260417_172611,all,FALSE,,FALSE,,
gm_scene0_coc_abs_linear_20260421_212218,single_scene,26.375338236490887,6,6,,25.507213592529297,27.20494842529297,26.41385269165039,best_psnr,resnet_film,coc_abs,fc,128,,FALSE,FALSE,relu,,100,1,0.0001,1e-05,50,0.2,linear,0.002,FALSE,constant_scale,0.1,TRUE,TRUE,TRUE,TRUE,FALSE,TRUE,1.0,1.0,0.1,1.0,0.0,FALSE,TRUE,FALSE,FALSE,1e-07,1e-07,1e-07,1.0,1.0,1.0,1.0,FALSE,0.01,1.0,FALSE,0.01,TRUE,0,FALSE,5.0,30.0,0,10,FALSE,10.0,30.0,FALSE,5.0,30.0,0.5,FALSE,reduce-overhead,2,30.0,5.0,31,0.95,15,FALSE,FALSE,0,5,0,"0,20,39",,,../varifocal/data,,runs_gm,,4,20260421_212218,all,FALSE,,FALSE,,
gm_coc_abs_conv1x1_linear_20260407_210003,10scene,26.29418690999349,9,11,,26.12255096435547,27.340688705444336,25.419321060180664,"best, best_psnr, latest",resnet_film,coc_abs,conv1x1,128,,FALSE,FALSE,silu,,20,1,0.0001,1e-05,50,0.2,linear,0.002,FALSE,constant_scale,0.1,,,,,,,,,,,,,,,,,,,,,,,,,,,,FALSE,10,FALSE,5.0,30.0,0,10,TRUE,10.0,100.0,FALSE,5.0,30.0,0.5,,,2,,,,,,,,0,5,0,"0,20,39",runs_gm/gm_coc_abs_conv1x1_linear_20260407_210003/latest.pth,runs_gm/gm_coc_abs_conv1x1_linear_20260407_210003,../varifocal/data,,runs_gm,,4,20260408_155758,all,FALSE,,TRUE,,
gm_scene0_coc_linear_20260420_161846,single_scene,26.218547821044922,37,50,,25.72124671936035,27.344179153442383,25.59021759033203,best_psnr,resnet_film,coc,fc,128,,FALSE,FALSE,silu,,50,1,0.0001,1e-05,50,0.2,linear,0.002,FALSE,constant_scale,0.1,,TRUE,TRUE,TRUE,TRUE,FALSE,1.0,0.01,1.0,1.0,0.0,FALSE,FALSE,FALSE,FALSE,1e-07,1e-07,1e-07,1.0,1.0,1.0,1.0,FALSE,0.01,1.0,FALSE,0.01,TRUE,0,FALSE,5.0,30.0,0,10,FALSE,10.0,30.0,FALSE,5.0,30.0,0.5,FALSE,reduce-overhead,2,30.0,5.0,31,0.95,15,,,0,5,0,"0,20,39",,,../varifocal/data,,runs_gm,,4,20260420_161846,all,FALSE,,FALSE,,
gm_coc_abs_conv1x1_linear_20260414_022029,10scene,26.02870051066081,4,4,,25.419292449951172,27.396413803100586,25.270395278930664,"best, best_psnr, latest",resnet_film,coc_abs,conv1x1,128,,FALSE,FALSE,silu,,20,1,0.0001,1e-05,200,0.2,linear,0.002,FALSE,constant_scale,0.1,,FALSE,,,,,,,,,,,,,,,,,,,,,FALSE,0.01,1.0,FALSE,0.01,FALSE,10,FALSE,5.0,30.0,0,10,FALSE,10.0,30.0,FALSE,5.0,30.0,0.5,FALSE,reduce-overhead,2,,,,,,,,0,5,0,"0,20,39",,,../varifocal/data,,runs_gm,,4,20260414_022029,all,FALSE,,FALSE,,
gm_scene0_coc_abs_linear_20260422_025837,single_scene,25.968331654866535,91,100,,25.318735122680664,26.66201400756836,25.924245834350586,"best, best_psnr, latest",resnet_film,coc_abs,fc,128,,FALSE,FALSE,silu,,100,1,0.0001,1e-05,50,0.2,linear,0.002,FALSE,constant_scale,0.1,TRUE,TRUE,TRUE,TRUE,FALSE,FALSE,1.0,1.0,1.0,1.0,0.0,FALSE,FALSE,FALSE,FALSE,1e-07,1e-07,1e-07,1.0,1.0,1.0,1.0,FALSE,0.01,1.0,TRUE,0.01,TRUE,0,FALSE,5.0,30.0,0,10,FALSE,10.0,30.0,FALSE,5.0,30.0,0.5,FALSE,reduce-overhead,2,30.0,5.0,31,0.95,15,FALSE,FALSE,0,5,0,"0,20,39",,,../varifocal/data,,runs_gm,,4,20260422_025837,all,FALSE,,FALSE,,
gm_scene0_coc_conv1x1_linear_20260317_034204,single_scene,25.822486877441406,5,5,,25.417221069335938,26.551677703857422,25.49856185913086,".ipynb_checkpoints, best, best_psnr, latest",convnext_unet,coc,conv1x1,,,,,,,100,1,0.0001,1e-05,50,0.2,linear,0.002,FALSE,,,,,,,,,,,,,,,,,,,,,,,,,,,,,,TRUE,0,,,,,,,,,,,,,,,,,,,,,,,0,5,0,"0,20,39",,,../varifocal/data,,runs_gm,,4,20260317_034204,all,,,,,
gm_scene0_coc_abs_linear_20260422_012020,single_scene,25.568676630655926,5,5,,25.40670394897461,26.28727149963379,25.012054443359375,best_psnr,resnet_film,coc_abs,fc,128,,FALSE,FALSE,silu,,100,1,0.0001,1e-05,50,0.2,linear,0.002,FALSE,constant_scale,0.1,TRUE,TRUE,TRUE,TRUE,FALSE,FALSE,1.0,1.0,1.0,1.0,0.0,FALSE,FALSE,FALSE,FALSE,1e-07,1e-07,1e-07,1.0,1.0,1.0,1.0,FALSE,0.01,1.0,FALSE,0.01,TRUE,0,FALSE,5.0,30.0,0,10,FALSE,10.0,30.0,FALSE,5.0,30.0,0.5,FALSE,reduce-overhead,2,30.0,5.0,31,0.95,15,FALSE,FALSE,0,5,0,"0,20,39",,,../varifocal/data,,runs_gm,,4,20260422_012020,all,FALSE,,FALSE,,
gm_scene0_coc_linear_20260310_011629,single_scene,25.378033955891926,100,100,,24.248706817626953,26.04730224609375,25.838092803955078,"best, best_psnr, latest, steps200_ss0p2",,coc,fc,,,,,,,100,1,0.0001,1e-05,50,0.2,linear,0.002,FALSE,,,,,,,,,,,,,,,,,,,,,,,,,,,,,,TRUE,,,,,,,,,,,,,,,,,,,,,,,,0,5,0,20,,,../varifocal/data,,runs_gm,,4,20260310_011629,,,,,,
gm_scene0_coc_abs_linear_20260323_042615,single_scene,25.345294952392578,8,8,,25.298999786376953,26.053007125854492,24.68387794494629,"best, best_psnr, latest",resnet,coc_abs,fc,128,,TRUE,FALSE,silu,,100,1,0.0001,1e-05,50,0.2,linear,0.002,FALSE,,,,,,,,,,,,,,,,,,,,,,,,,,,,,,TRUE,0,,,,,,FALSE,,,,,,,,,2,,,,,,,,0,5,0,"0,20,39",,,../varifocal/data,,runs_gm,,4,20260323_042615,all,,,,,
gm_scene0_coc_cosine_20260310_011608,single_scene,25.255016962687176,100,100,,24.37405776977539,26.120281219482422,25.27071189880371,"best, best_psnr, latest, steps200_ss0p2",,coc,fc,,,,,,,100,1,0.0001,1e-05,50,0.2,cosine,0.002,FALSE,,,,,,,,,,,,,,,,,,,,,,,,,,,,,,TRUE,,,,,,,,,,,,,,,,,,,,,,,,0,5,0,20,,,../varifocal/data,,runs_gm,,4,20260310_011608,,,,,,
gm_scene0_coc_20260309_084426,single_scene,25.1267515818278,38,38,,24.31411361694336,26.89734649658203,24.168794631958008,"best, best_psnr, latest",,coc,,,,,,,,100,1,0.0001,1e-05,100,0.2,,,,,,,,,,,,,,,,,,,,,,,,,,,,,,,,,TRUE,,,,,,,,,,,,,,,,,,,,,,,,0,10,0,"0,20,39",,,../varifocal/data,,runs_gm,,4,20260309_084426,,,,,,
gm_scene0_coc_linear_20260317_033217,single_scene,25.12005678812663,5,5,,24.664819717407227,25.902999877929688,24.79235076904297,".ipynb_checkpoints, best, best_psnr, latest",convnext_unet,coc,fc,,,,,,,100,1,0.0001,1e-05,50,0.2,linear,0.002,FALSE,,,,,,,,,,,,,,,,,,,,,,,,,,,,,,TRUE,0,,,,,,,,,,,,,,,,,,,,,,,0,5,0,"0,20,39",,,../varifocal/data,,runs_gm,,4,20260317_033217,all,,,,,
gm_scene0_coc_abs_linear_20260324_180506,single_scene,25.055843353271484,49,50,,24.380361557006836,23.71847915649414,27.068689346313477,"best, best_psnr, latest",resnet,coc_abs,fc,128,,TRUE,FALSE,relu,,50,1,0.0001,1e-05,50,0.2,linear,0.002,FALSE,,,,,,,,,,,,,,,,,,,,,,,,,,,,,,TRUE,0,,,,,,TRUE,1.0,30.0,,,,,,,2,,,,,,,,0,5,0,"0,20,39",,,../varifocal/data,,runs_gm,,4,20260324_180506,all,,,,,
gm_scene0_coc_conv1x1_linear_20260318_202001,single_scene,24.971250534057617,8,50,,24.79010772705078,25.420978546142578,24.702665328979492,best_psnr,resnet,coc,conv1x1,128,,,,,,50,1,0.0001,1e-05,50,0.2,linear,0.002,FALSE,,,,,,,,,,,,,,,,,,,,,,,,,,,,,,TRUE,0,,,,,,,,,,,,,,,,,,,,,,,0,5,0,"0,20,39",,,../varifocal/data,,runs_gm,,4,20260318_202001,all,,,,,
gm_scene0_coc_abs_linear_20260417_132742,single_scene,24.922739664713543,8,8,,24.695587158203125,25.32771110534668,24.74492073059082,best_psnr,resnet_film,coc_abs,fc,128,,FALSE,FALSE,silu,,200,1,0.0001,1e-05,50,0.2,linear,0.002,FALSE,constant_scale,0.1,,TRUE,TRUE,TRUE,TRUE,FALSE,1.0,1.0,1.0,1.0,0.0,FALSE,FALSE,FALSE,FALSE,0.0,0.0,0.0,1.0,1.0,1.0,1.0,FALSE,0.01,1.0,FALSE,0.01,TRUE,0,FALSE,5.0,30.0,0,10,FALSE,10.0,30.0,FALSE,5.0,30.0,0.5,FALSE,reduce-overhead,2,30.0,5.0,31,0.95,15,,,0,5,0,"0,20,39",,,../varifocal/data,,runs_gm,,4,20260417_132742,all,FALSE,,FALSE,,
gm_scene0_coc_20260309_175036,single_scene,24.90795071919759,39,100,,23.99579620361328,25.909460067749023,24.81859588623047,"best, best_psnr, latest, steps200_ss0p2",,coc,fc,,,,,,,100,1,0.0001,1e-05,50,0.2,constant,0.002,FALSE,,,,,,,,,,,,,,,,,,,,,,,,,,,,,,TRUE,,,,,,,,,,,,,,,,,,,,,,,,0,5,0,20,runs_gm/gm_scene0_coc_20260309_084426/latest.pth,,../varifocal/data,,runs_gm,,4,20260309_175036,,,,,,
gm_scene0_coc_abs_linear_20260321_125237,single_scene,24.878141403198242,22,75,,23.740188598632812,24.618621826171875,26.27561378479004,"best, best_psnr, latest",interleave_resnet,coc_abs,fc,256,,TRUE,FALSE,,,100,1,0.0001,1e-05,50,0.2,linear,0.002,FALSE,,,,,,,,,,,,,,,,,,,,,,,,,,,,,,TRUE,0,,,,,,,,,,,,,,,2,,,,,,,,0,5,0,"0,20,39",,,../varifocal/data,,runs_gm,,4,20260321_125237,all,,,,,
gm_scene0_coc_linear_20260415_180121,single_scene,24.700455983479817,49,50,,24.17770767211914,24.72294044494629,25.200719833374023,"best, best_psnr, latest",resnet_film,coc,fc,128,,FALSE,FALSE,silu,,50,1,0.0001,1e-05,50,0.2,linear,0.002,FALSE,constant_scale,0.1,,TRUE,TRUE,TRUE,FALSE,FALSE,1.0,1.0,1.0,1.0,1.0,FALSE,FALSE,FALSE,FALSE,1e-07,1e-07,1e-07,1.0,1.0,1.0,1.0,FALSE,0.01,1.0,FALSE,0.01,TRUE,0,FALSE,5.0,30.0,0,10,FALSE,10.0,30.0,FALSE,5.0,30.0,0.5,FALSE,reduce-overhead,2,30.0,5.0,31,0.95,15,,,0,5,0,"0,20,39",,,../varifocal/data,,runs_gm,,4,20260415_180121,all,FALSE,,FALSE,,
gm_scene0_coc_20260307_172330,single_scene,24.272009531656902,50,50,,23.76181411743164,25.109033584594727,23.945180892944336,".ipynb_checkpoints, best, best_psnr, latest, steps100_ss0p2, steps200_ss0p2",,coc,,,,,,,,50,1,0.0001,1e-05,100,0.2,,,,,,,,,,,,,,,,,,,,,,,,,,,,,,,,,TRUE,,,,,,,,,,,,,,,,,,,,,,,,0,5,0,20,,,../varifocal/data,./data,runs_gm,,4,20260307_172330,,,,,,
gm_scene0_coc_linear_20260313_041643,single_scene,23.75248082478841,26,50,,23.03260040283203,23.829647064208984,24.39519500732422,best_psnr,deep,coc,fc,,,,,,,50,1,0.0001,1e-05,50,0.2,linear,0.002,FALSE,,,,,,,,,,,,,,,,,,,,,,,,,,,,,,TRUE,0,,,,,,,,,,,,,,,,,,,,,,,0,5,0,"0,20,39",runs_gm/gm_scene0_coc_linear_20260312_120804/latest.pth,,../varifocal/data,,runs_gm,,4,20260313_041643,all,,,,,
gm_scene0_coc_conv1x1_linear_20260320_055937,single_scene,23.712025960286457,5,42,,23.397624969482422,24.068603515625,23.669849395751953,"best, best_psnr, latest",resunet,coc,conv1x1,64,,TRUE,,,,100,1,0.0001,1e-05,50,0.2,linear,0.002,FALSE,,,,,,,,,,,,,,,,,,,,,,,,,,,,,,TRUE,0,,,,,,,,,,,,,,,,,,,,,,,0,5,0,"0,20,39",,,../varifocal/data,,runs_gm,,4,20260320_055937,all,,,,,
gm_scene0_coc_abs_linear_20260422_023739,single_scene,23.467758178710938,1,1,,23.195960998535156,23.493511199951172,23.713802337646484,best_psnr,resnet_film,coc_abs,fc,128,,FALSE,FALSE,relu,,100,1,0.0001,1e-05,50,0.2,linear,0.002,FALSE,constant_scale,0.1,TRUE,TRUE,TRUE,TRUE,FALSE,FALSE,1.0,1.0,1.0,1.0,0.0,FALSE,FALSE,FALSE,FALSE,1e-07,1e-07,1e-07,1.0,1.0,1.0,1.0,FALSE,0.01,1.0,FALSE,0.01,TRUE,0,FALSE,5.0,30.0,0,10,FALSE,10.0,30.0,FALSE,5.0,30.0,0.5,FALSE,reduce-overhead,2,30.0,5.0,31,0.95,15,FALSE,FALSE,0,5,0,"0,20,39",,,../varifocal/data,,runs_gm,,4,20260422_023739,all,FALSE,,FALSE,,
gm_scene0_coc_linear_20260420_133528,single_scene,23.09988848368327,48,50,,22.66749382019043,23.15738296508789,23.474788665771484,best_psnr,resnet_film,coc,fc,128,,FALSE,FALSE,silu,,50,1,0.0001,1e-05,50,0.2,linear,0.002,FALSE,constant_scale,0.1,,TRUE,TRUE,TRUE,FALSE,FALSE,1.0,1.0,1.0,1.0,0.0,FALSE,FALSE,FALSE,FALSE,1e-07,1e-07,1e-07,1.0,1.0,1.0,1.0,FALSE,0.01,1.0,TRUE,0.01,TRUE,0,FALSE,5.0,30.0,0,10,FALSE,10.0,30.0,FALSE,5.0,30.0,0.5,FALSE,reduce-overhead,2,30.0,5.0,31,0.95,15,,,0,5,0,"0,20,39",,,../varifocal/data,,runs_gm,,4,20260420_133528,all,FALSE,,FALSE,,
gm_scene0_coc_20260312_120940,single_scene,23.020312627156574,53,100,,22.459903717041016,23.01325035095215,23.587783813476562,best_psnr,deep,coc,fc,,,,,,,100,1,0.0001,1e-05,50,0.2,constant,0.002,FALSE,,,,,,,,,,,,,,,,,,,,,,,,,,,,,,TRUE,0,,,,,,,,,,,,,,,,,,,,,,,0,5,0,"0,20,39",runs_gm/gm_scene0_coc_20260311_191411/latest.pth,,../varifocal/data,,runs_gm,,4,20260312_120940,all,,,,,
gm_scene0_coc_20260311_191411,single_scene,22.95405451456706,40,50,,21.483793258666992,23.21974754333496,24.15862274169922,"best, best_psnr, latest, steps200_ss0p2, steps50_ss0p2",deep,coc,fc,,,,,,,50,1,0.0001,1e-05,50,0.2,constant,0.002,FALSE,,,,,,,,,,,,,,,,,,,,,,,,,,,,,,TRUE,0,,,,,,,,,,,,,,,,,,,,,,,0,5,0,20,,,../varifocal/data,,runs_gm,,4,20260311_191411,,,,,,
gm_scene0_coc_abs_linear_20260416_211449,single_scene,22.938056310017902,50,50,,22.368104934692383,22.85397720336914,23.592086791992188,best_psnr,resnet_film,coc_abs,fc,128,,FALSE,FALSE,silu,,50,1,0.0001,1e-05,50,0.2,linear,0.002,FALSE,constant_scale,0.1,,TRUE,TRUE,TRUE,FALSE,FALSE,1.0,1.0,1.0,1.0,0.0,FALSE,FALSE,FALSE,FALSE,1e-07,1e-07,1e-07,1.0,1.0,1.0,1.0,FALSE,0.01,1.0,FALSE,0.01,TRUE,0,FALSE,5.0,30.0,0,10,FALSE,10.0,30.0,FALSE,5.0,30.0,0.5,FALSE,reduce-overhead,2,30.0,5.0,31,0.95,15,,,0,5,0,"0,20,39",,,../varifocal/data,,runs_gm,,4,20260416_211449,all,FALSE,,FALSE,,
gm_scene0_coc_abs_linear_20260428_130913,single_scene,22.870856602986652,11,29,,22.0628719329834,24.16715431213379,22.382543563842773,best_psnr,uresnet_film,coc_abs,fc,128,16,FALSE,FALSE,silu,8,200,1,0.0001,1e-05,50,0.2,linear,0.002,FALSE,constant_scale,0.1,TRUE,TRUE,TRUE,TRUE,FALSE,TRUE,1.0,1.0,1.0,1.0,0.0,TRUE,TRUE,TRUE,TRUE,1e-07,1e-07,1e-07,1.0,1.0,1.0,1.0,FALSE,0.01,1.0,FALSE,0.01,TRUE,0,FALSE,5.0,30.0,0,10,FALSE,10.0,30.0,FALSE,5.0,30.0,0.5,FALSE,reduce-overhead,2,30.0,5.0,31,0.95,15,FALSE,FALSE,0,10,0,"0,20,39",,,../varifocal/data,,runs_gm,,4,20260428_130913,all,FALSE,,FALSE,,
gm_scene0_coc_20260308_212501,single_scene,22.69615872701009,50,50,,22.41302490234375,23.710193634033203,21.96525764465332,"best, best_psnr, latest, steps200_ss0p2",,coc,,,,,,,,50,1,3e-05,1e-05,100,0.2,,,,,,,,,,,,,,,,,,,,,,,,,,,,,,,,,TRUE,,,,,,,,,,,,,,,,,,,,,,,,0,10,0,20,,,../varifocal/data,./data,runs_gm,,4,20260308_212501,,,,,,
gm_scene0_coc_20260309_175428,single_scene,22.604475021362305,100,100,,21.539215087890625,23.757823944091797,22.516386032104492,"best, best_psnr, latest, steps200_ss0p2",,coc,fc,,,,,,,100,1,3e-05,1e-05,50,0.2,constant,0.002,FALSE,,,,,,,,,,,,,,,,,,,,,,,,,,,,,,TRUE,,,,,,,,,,,,,,,,,,,,,,,,0,5,0,20,runs_gm/gm_scene0_coc_20260309_084328/latest.pth,,../varifocal/data,,runs_gm,,4,20260309_175428,,,,,,
gm_scene0_coc_abs_linear_20260402_150501,single_scene,21.80881118774414,1,94,,23.078840255737305,21.863910675048828,20.48368263244629,best_psnr,resnet_film,coc_abs,fc,128,,FALSE,FALSE,relu,,200,1,0.0001,1e-05,50,0.2,linear,0.002,FALSE,constant_scale,0.1,,,,,,,,,,,,,,,,,,,,,,,,,,,,TRUE,0,,,,,,TRUE,5.0,50.0,,,,,,,2,,,,,,,,0,5,0,"0,20,39",,,../varifocal/data,,runs_gm,,4,20260402_150501,all,,learnable,,learnable,penalty
gm_scene0_coc_20260308_164208,single_scene,21.782880783081055,20,20,,21.34682846069336,22.35953140258789,21.642282485961914,"best, best_psnr, latest, steps100_ss0p2, steps200_ss0p2",,coc,,,,,,,,20,1,0.0001,1e-05,100,0.2,,,,,,,,,,,,,,,,,,,,,,,,,,,,,,,,,TRUE,,,,,,,,,,,,,,,,,,,,,,,,0,5,0,20,,,../varifocal/data,./data,runs_gm,,4,20260308_164208,,,,,,
gm_coc_20260311_142349,90scene,21.464155832926433,2,5,,20.689525604248047,21.847042083740234,21.855899810791016,"best, best_psnr, latest, steps200_ss0p2, steps50_ss0p2",,coc,fc,,,,,,,5,8,0.0001,1e-05,50,0.2,constant,0.002,FALSE,,,,,,,,,,,,,,,,,,,,,,,,,,,,,,FALSE,0,,,,,,,,,,,,,,,,,,,,,,,0,5,0,20,,,../varifocal/data,,runs_gm,,8,20260311_142349,,,,,,
gm_scene0_coc_20260307_094134,single_scene,21.37591489156087,50,50,,21.180015563964844,21.869850158691406,21.077878952026367,".ipynb_checkpoints, best, best_psnr, latest, steps100_ss0p2, steps200_ss0p2, steps50_ss0p2",,coc,,,,,,,,50,1,0.0001,1e-05,50,0.2,,,,,,,,,,,,,,,,,,,,,,,,,,,,,,,,,TRUE,,,,,,,,,,,,,,,,,,,,,,,,0,5,0,20,,,../varifocal/data,./data,runs_gm,,4,20260307_094134,,,,,,
gm_coc_linear_20260312_134650,other_5scene,21.302691141764324,14,100,,20.96906280517578,21.503738403320312,21.435272216796875,best_psnr,simple,coc,fc,,,,,,,100,4,0.0001,1e-05,50,0.2,linear,0.002,FALSE,,,,,,,,,,,,,,,,,,,,,,,,,,,,,,FALSE,5,,,,,,,,,,,,,,,,,,,,,,,0,5,0,"0,20,39",,,../varifocal/data,,runs_gm,,4,20260312_134650,all,,,,,
gm_scene0_coc_abs_linear_20260416_211511,single_scene,20.83825620015462,30,30,,20.328144073486328,20.39336395263672,21.79326057434082,best_psnr,resnet_film,coc_abs,fc,128,,FALSE,FALSE,silu,,200,1,0.0001,1e-05,50,0.2,linear,0.002,FALSE,constant_scale,0.1,,TRUE,TRUE,TRUE,TRUE,FALSE,1.0,1.0,1.0,1.0,0.0,FALSE,FALSE,FALSE,FALSE,1e-07,1e-07,1e-07,1.0,1.0,1.0,1.0,FALSE,0.01,1.0,FALSE,0.01,TRUE,0,FALSE,5.0,30.0,0,10,FALSE,10.0,30.0,FALSE,5.0,30.0,0.5,FALSE,reduce-overhead,2,30.0,5.0,31,0.95,15,,,0,5,0,"0,20,39",,,../varifocal/data,,runs_gm,,4,20260416_211511,all,FALSE,,FALSE,,
gm_scene0_coc_abs_conv1x1_linear_20260318_132413,single_scene,20.652467091878254,22,50,,19.106300354003906,22.153236389160156,20.697864532470703,"best, best_psnr",dilated,coc_abs,conv1x1,,,,,,,50,1,0.0001,1e-05,50,0.2,linear,0.002,FALSE,,,,,,,,,,,,,,,,,,,,,,,,,,,,,,TRUE,0,,,,,,,,,,,,,,,,,,,,,,,0,5,0,"0,20,39",,,../varifocal/data,,runs_gm,,4,20260318_132413,all,,,,,
gm_scene0_coc_linear_20260420_133531,single_scene,20.576528549194336,5,5,,20.366018295288086,20.893003463745117,20.470563888549805,best_psnr,resnet_film,coc,fc,128,,FALSE,FALSE,silu,,50,1,0.0001,1e-05,50,0.2,linear,0.002,FALSE,constant_scale,0.1,,TRUE,TRUE,TRUE,TRUE,FALSE,1.0,1.0,1.0,1.0,0.0,FALSE,FALSE,FALSE,FALSE,1e-07,1e-07,1e-07,1.0,1.0,1.0,1.0,FALSE,0.01,1.0,FALSE,0.01,TRUE,0,FALSE,5.0,30.0,0,10,FALSE,10.0,30.0,FALSE,5.0,30.0,0.5,FALSE,reduce-overhead,2,30.0,5.0,31,0.95,15,,,0,5,0,"0,20,39",,,../varifocal/data,,runs_gm,,4,20260420_133531,all,FALSE,,FALSE,,
gm_scene0_coc_20260308_212402,single_scene,20.09320894877116,6,50,,19.743255615234375,20.835512161254883,19.70085906982422,"best, best_psnr, latest, steps200_ss0p2",,coc,,,,,,,,50,1,0.001,1e-05,100,0.2,,,,,,,,,,,,,,,,,,,,,,,,,,,,,,,,,TRUE,,,,,,,,,,,,,,,,,,,,,,,,0,10,0,20,,,../varifocal/data,./data,runs_gm,,4,20260308_212402,,,,,,
gm_scene0_coc_linear_20260313_133317,single_scene,19.88406244913737,15,100,,19.815841674804688,19.810039520263672,20.02630615234375,best_psnr,stride,coc,fc,,,,,,,100,1,0.0001,1e-05,50,0.2,linear,0.002,FALSE,,,,,,,,,,,,,,,,,,,,,,,,,,,,,,TRUE,0,,,,,,,,,,,,,,,,,,,,,,,0,5,0,"0,20,39",,,../varifocal/data,,runs_gm,,4,20260313_133317,all,,,,,
gm_coc_abs_conv1x1_linear_20260406_191548,10scene,19.225552876790363,4,5,,14.734989166259766,21.54910659790039,21.392562866210938,"best, best_psnr, latest",resnet_film,coc_abs,conv1x1,128,,FALSE,FALSE,silu,,5,1,0.0001,1e-05,50,0.2,linear,0.002,FALSE,constant_scale,0.1,,,,,,,,,,,,,,,,,,,,,,,,,,,,FALSE,10,TRUE,5.0,100.0,0,1,FALSE,10.0,30.0,FALSE,5.0,30.0,0.5,,,2,,,,,,,,0,5,0,"0,20,39",,,../varifocal/data,,runs_gm,,4,20260406_191548,all,,,,,
gm_scene0_coc_linear_20260312_120804,single_scene,19.16707992553711,7,7,,18.353052139282227,19.756458282470703,19.3917293548584,best_psnr,deep,coc,fc,,,,,,,100,1,0.0001,1e-05,50,0.2,linear,0.002,FALSE,,,,,,,,,,,,,,,,,,,,,,,,,,,,,,TRUE,0,,,,,,,,,,,,,,,,,,,,,,,0,5,0,"0,20,39",,,../varifocal/data,,runs_gm,,4,20260312_120804,all,,,,,
gm_scene0_spatial_20260307_232125,single_scene,18.590648651123047,100,100,,18.718061447143555,19.393115997314453,17.660768508911133,"best, best_psnr, latest, steps100_ss0p2, steps200_ss0p2, steps50_ss0p2",,spatial,,,,,,,,100,1,0.0001,1e-05,50,0.2,,,,,,,,,,,,,,,,,,,,,,,,,,,,,,,,,TRUE,,,,,,,,,,,,,,,,,,,,,,,,0,5,0,20,,,../varifocal/data,./data,runs_gm,,4,20260307_232125,,,,,,
gm_scene0_spatial_20260308_164220,single_scene,17.701146443684895,20,20,,14.492193222045898,21.444934844970703,17.166311264038086,"best, best_psnr, latest, steps200_ss0p2",,spatial,,,,,,,,20,1,0.0001,1e-05,100,0.2,,,,,,,,,,,,,,,,,,,,,,,,,,,,,,,,,TRUE,,,,,,,,,,,,,,,,,,,,,,,,0,5,0,20,,,../varifocal/data,./data,runs_gm,,4,20260308_164220,,,,,,
gm_coc_abs_linear_20260324_100203,90scene,17.550575256347656,1,1,,17.314632415771484,17.299434661865234,18.03765869140625,"best, best_psnr, latest",resnet,coc_abs,fc,128,,TRUE,FALSE,relu,,5,1,0.0001,1e-05,50,0.2,linear,0.002,FALSE,,,,,,,,,,,,,,,,,,,,,,,,,,,,,,FALSE,0,,,,,,FALSE,,,,,,,,,2,,,,,,,,0,1,0,"0,20,39",,,../varifocal/data,,runs_gm,,4,20260324_100203,all,,,,,
gm_scene0_coc_abs_linear_20260430_210521_resumed,single_scene,17.47321542104085,215,257,,14.713887214660645,20.678014755249023,17.02774429321289,"best, best_psnr, latest",uresnet_film,coc_abs,fc,128,16,FALSE,FALSE,silu,8,400,1,0.0001,1e-05,50,0.2,linear,0.002,FALSE,constant_scale,0.1,TRUE,TRUE,TRUE,TRUE,FALSE,TRUE,1.0,1.0,1.0,1.0,0.0,TRUE,FALSE,FALSE,FALSE,1e-07,1e-07,1e-07,1.0,1.0,1.0,1.0,FALSE,0.01,1.0,FALSE,0.01,TRUE,0,FALSE,5.0,30.0,0,10,FALSE,10.0,30.0,FALSE,5.0,30.0,0.5,FALSE,reduce-overhead,2,30.0,5.0,31,0.95,15,FALSE,TRUE,0,10,0,"0,20,39",runs_gm/gm_scene0_coc_abs_linear_20260428_121511/latest.pth,runs_gm/gm_scene0_coc_abs_linear_20260428_121511,../varifocal/data,,runs_gm,,4,20260430_210521,all,FALSE,,FALSE,,
gm_scene0_coc_linear_20260420_120012,single_scene,16.904131571451824,4,4,,16.5738468170166,16.659225463867188,17.47932243347168,best_psnr,resnet_film,coc,fc,128,,FALSE,FALSE,silu,,50,1,0.0001,1e-05,50,0.2,linear,0.002,FALSE,constant_scale,0.1,,TRUE,TRUE,TRUE,FALSE,FALSE,1.0,1.0,1.0,1.0,0.0,FALSE,FALSE,FALSE,FALSE,1e-07,1e-07,1e-07,1.0,1.0,1.0,1.0,FALSE,0.01,1.0,FALSE,0.01,TRUE,0,FALSE,5.0,30.0,0,10,FALSE,10.0,30.0,FALSE,5.0,30.0,0.5,FALSE,reduce-overhead,2,30.0,5.0,31,0.95,15,,,0,5,0,"0,20,39",,,../varifocal/data,,runs_gm,,4,20260420_120012,all,FALSE,,FALSE,,
gm_scene0_coc_20260309_084328,single_scene,16.571433385213215,38,38,,16.340465545654297,17.024127960205078,16.349706649780273,"best, best_psnr, latest",,coc,,,,,,,,100,1,3e-05,1e-05,100,0.2,,,,,,,,,,,,,,,,,,,,,,,,,,,,,,,,,TRUE,,,,,,,,,,,,,,,,,,,,,,,,0,10,0,"0,20,39",,,../varifocal/data,,runs_gm,,4,20260309_084328,,,,,,
gm_scene0_coc_abs_linear_20260323_203707,single_scene,16.436724344889324,26,56,,16.32271957397461,18.03033447265625,14.95711898803711,"best, best_psnr, latest",resnet,coc_abs,fc,128,,TRUE,FALSE,relu,,100,1,0.0001,1e-05,50,0.2,linear,0.002,FALSE,,,,,,,,,,,,,,,,,,,,,,,,,,,,,,TRUE,0,,,,,,TRUE,,,,,,,,,2,,,,,,,,0,5,0,"0,20,39",runs_gm/gm_scene0_coc_abs_linear_20260323_042653/latest.pth,,../varifocal/data,,runs_gm,,4,20260323_203707,all,,,,,
gm_scene0_coc_conv1x1_20260309_174409,single_scene,16.391908009847004,4,100,,15.870416641235352,17.007539749145508,16.297767639160156,"best, best_psnr, latest, steps200_ss0p2",,coc,conv1x1,,,,,,,100,1,0.0001,1e-05,100,0.2,constant,0.002,FALSE,,,,,,,,,,,,,,,,,,,,,,,,,,,,,,TRUE,,,,,,,,,,,,,,,,,,,,,,,,0,5,0,20,,,../varifocal/data,,runs_gm,,4,20260309_174409,,,,,,
gm_scene0_coc_abs_linear_20260422_012026,single_scene,16.141326586405437,5,5,,15.788276672363281,15.815186500549316,16.82051658630371,best_psnr,resnet_film,coc_abs,fc,128,,FALSE,FALSE,silu,,100,1,0.0001,1e-05,50,0.2,linear,0.002,FALSE,constant_scale,0.1,TRUE,TRUE,TRUE,TRUE,FALSE,FALSE,1.0,1.0,1.0,1.0,0.0,FALSE,FALSE,FALSE,FALSE,1e-07,1e-07,1e-07,1.0,1.0,1.0,1.0,FALSE,0.01,1.0,TRUE,0.01,TRUE,0,FALSE,5.0,30.0,0,10,FALSE,10.0,30.0,FALSE,5.0,30.0,0.5,FALSE,reduce-overhead,2,30.0,5.0,31,0.95,15,FALSE,FALSE,0,5,0,"0,20,39",,,../varifocal/data,,runs_gm,,4,20260422_012026,all,FALSE,,FALSE,,
gm_scene0_coc_abs_linear_20260428_111919,single_scene,14.959012985229492,1,2,,14.960960388183594,14.885498046875,15.030580520629883,best_psnr,uresnet_film,coc_abs,fc,128,16,FALSE,FALSE,silu,8,200,1,0.0001,1e-05,50,0.2,linear,0.002,FALSE,constant_scale,0.1,TRUE,TRUE,TRUE,TRUE,FALSE,TRUE,1.0,1.0,1.0,1.0,0.0,TRUE,TRUE,TRUE,TRUE,1e-07,1e-07,1e-07,1.0,1.0,1.0,1.0,FALSE,0.01,1.0,FALSE,0.01,TRUE,0,FALSE,5.0,30.0,0,10,FALSE,10.0,30.0,FALSE,5.0,30.0,0.5,FALSE,reduce-overhead,2,30.0,5.0,31,0.95,15,FALSE,FALSE,0,10,0,"0,20,39",,,../varifocal/data,,runs_gm,,4,20260428_111919,all,FALSE,,FALSE,,
gm_scene0_coc_abs_linear_20260323_042653,single_scene,13.956417083740234,1,8,,12.799371719360352,17.54312515258789,11.526754379272461,"best, best_psnr, latest",resnet,coc_abs,fc,128,,TRUE,FALSE,relu,,100,1,0.0001,1e-05,50,0.2,linear,0.002,FALSE,,,,,,,,,,,,,,,,,,,,,,,,,,,,,,TRUE,0,,,,,,TRUE,,,,,,,,,2,,,,,,,,0,5,0,"0,20,39",,,../varifocal/data,,runs_gm,,4,20260323_042653,all,,,,,
gm_scene0_coc_abs_linear_20260421_212206,single_scene,13.769391059875488,1,1,,13.641008377075195,13.779312133789062,13.887852668762207,best_psnr,resnet_film,coc_abs,fc,128,,FALSE,FALSE,relu,,100,1,0.0001,1e-05,50,0.2,linear,0.002,FALSE,constant_scale,0.1,TRUE,TRUE,TRUE,TRUE,FALSE,FALSE,1.0,1.0,1.0,1.0,0.0,FALSE,FALSE,FALSE,FALSE,1e-11,1e-07,1e-07,1.0,1.0,1.0,1.0,FALSE,0.01,1.0,TRUE,0.01,TRUE,0,FALSE,5.0,30.0,0,10,FALSE,10.0,30.0,FALSE,5.0,30.0,0.5,FALSE,reduce-overhead,2,30.0,5.0,31,0.95,15,FALSE,FALSE,0,5,0,"0,20,39",,,../varifocal/data,,runs_gm,,4,20260421_212206,all,FALSE,,FALSE,,
gm_scene0_coc_linear_20260420_120052,single_scene,13.73065980275472,2,2,,13.930990219116211,13.64148235321045,13.6195068359375,best_psnr,resnet_film,coc,fc,128,,FALSE,FALSE,silu,,50,1,0.0001,1e-05,50,0.2,linear,0.002,FALSE,constant_scale,0.1,,TRUE,TRUE,TRUE,TRUE,FALSE,1.0,1.0,1.0,1.0,0.0,FALSE,FALSE,FALSE,FALSE,1e-07,1e-07,1e-07,1.0,1.0,1.0,1.0,FALSE,0.01,1.0,FALSE,0.01,TRUE,0,FALSE,5.0,30.0,0,10,FALSE,10.0,30.0,FALSE,5.0,30.0,0.5,FALSE,reduce-overhead,2,30.0,5.0,31,0.95,15,,,0,5,0,"0,20,39",,,../varifocal/data,,runs_gm,,4,20260420_120052,all,FALSE,,FALSE,,
gm_scene0_spatial_20260307_172316,single_scene,13.472816149393717,40,50,,16.333093643188477,13.473711967468262,10.611642837524414,".ipynb_checkpoints, best, best_psnr, latest, steps100_ss0p2, steps200_ss0p2, steps50_ss0p2",,spatial,,,,,,,,50,1,0.0001,1e-05,50,0.2,,,,,,,,,,,,,,,,,,,,,,,,,,,,,,,,,TRUE,,,,,,,,,,,,,,,,,,,,,,,,0,5,0,20,,,../varifocal/data,./data,runs_gm,,4,20260307_172316,,,,,,
gm_scene0_coc_abs_linear_20260422_023756,single_scene,12.761947949727377,1,1,,12.946168899536133,12.616214752197266,12.72346019744873,best_psnr,resnet_film,coc_abs,fc,128,,FALSE,FALSE,relu,,100,1,0.0001,1e-05,50,0.2,linear,0.002,FALSE,constant_scale,0.1,TRUE,TRUE,TRUE,TRUE,FALSE,FALSE,1.0,1.0,1.0,1.0,0.0,FALSE,FALSE,FALSE,FALSE,1e-07,1e-07,1e-07,1.0,1.0,1.0,1.0,FALSE,0.01,1.0,TRUE,0.01,TRUE,0,FALSE,5.0,30.0,0,10,FALSE,10.0,30.0,FALSE,5.0,30.0,0.5,FALSE,reduce-overhead,2,30.0,5.0,31,0.95,15,FALSE,FALSE,0,5,0,"0,20,39",,,../varifocal/data,,runs_gm,,4,20260422_023756,all,FALSE,,FALSE,,
gm_scene0_coc_linear_20260312_120655,single_scene,10.621833165486654,17,18,,10.801825523376465,10.594865798950195,10.4688081741333,best_psnr,simple,coc,fc,,,,,,,100,1,0.0001,1e-05,50,0.2,linear,0.002,TRUE,,,,,,,,,,,,,,,,,,,,,,,,,,,,,,TRUE,0,,,,,,,,,,,,,,,,,,,,,,,0,5,0,"0,20,39",,,../varifocal/data,,runs_gm,,4,20260312_120655,all,,,,,
gm_scene0_coc_20260306_221916,single_scene,10.307490666707357,40,50,,10.425439834594727,10.350078582763672,10.146953582763672,".ipynb_checkpoints, best, best_psnr, latest, steps200_ss0p2, steps5_ss0p2",,coc,,,,,,,,50,1,0.0001,1e-05,5,0.2,,,,,,,,,,,,,,,,,,,,,,,,,,,,,,,,,TRUE,,,,,,,,,,,,,,,,,,,,,,,,0,5,0,20,,,../varifocal/data,./data,runs_gm,,4,20260306_221916,,,,,,
gm_scene0_coc_20260307_094147,single_scene,7.750181674957275,45,50,,7.721987724304199,7.707242965698242,7.821314334869385,".ipynb_checkpoints, best, best_psnr, latest, steps200_ss0p002, steps50_ss0p002",,coc,,,,,,,,50,1,0.0001,1e-05,50,0.002,,,,,,,,,,,,,,,,,,,,,,,,,,,,,,,,,TRUE,,,,,,,,,,,,,,,,,,,,,,,,0,5,0,20,,,../varifocal/data,./data,runs_gm,,4,20260307_094147,,,,,,
gm_scene0_coc_20260306_222752,single_scene,7.592375119527181,45,50,,7.564304351806641,7.5477447509765625,7.66507625579834,".ipynb_checkpoints, best, best_psnr, latest, steps200_ss0p002, steps5_ss0p002",,coc,,,,,,,,50,1,0.0001,1e-05,5,0.002,,,,,,,,,,,,,,,,,,,,,,,,,,,,,,,,,TRUE,,,,,,,,,,,,,,,,,,,,,,,,0,5,0,20,,,../varifocal/data,./data,runs_gm,,4,20260306_222752,,,,,,
gm_scene0_coc_linear_20260420_133423,single_scene,7.577798207600911,49,50,,7.545323371887207,7.543185234069824,7.644886016845703,"best, best_psnr, latest",resnet_film,coc,fc,128,,FALSE,FALSE,silu,,200,1,0.0001,1e-05,50,0.2,linear,0.002,FALSE,constant_scale,0.1,,FALSE,FALSE,FALSE,FALSE,FALSE,1.0,1.0,1.0,1.0,1.0,FALSE,FALSE,FALSE,FALSE,1e-07,1e-07,1e-07,1.0,1.0,1.0,1.0,FALSE,0.01,1.0,FALSE,0.01,TRUE,0,FALSE,5.0,30.0,0,10,FALSE,10.0,30.0,FALSE,5.0,30.0,0.5,FALSE,reduce-overhead,2,30.0,5.0,31,0.95,15,,,0,5,0,"0,20,39",runs_gm/gm_scene0_coc_linear_20260420_133423/latest.pth,runs_gm/gm_scene0_coc_linear_20260420_133423,../varifocal/data,,runs_gm,,4,20260421_121049,all,FALSE,,FALSE,,
gm_scene0_coc_linear_20260415_153430,single_scene,7.288609981536865,1,2,,7.286552906036377,7.256041049957275,7.323235988616943,best_psnr,resnet_film,coc,fc,128,,FALSE,FALSE,silu,,50,1,0.0001,1e-05,50,0.2,linear,0.002,FALSE,constant_scale,0.1,,TRUE,TRUE,TRUE,TRUE,TRUE,1.0,1.0,1.0,1.0,1.0,TRUE,TRUE,TRUE,TRUE,1e-07,1e-07,1e-07,1.0,1.0,1.0,1.0,FALSE,0.01,1.0,FALSE,0.01,TRUE,0,FALSE,5.0,30.0,0,10,FALSE,10.0,30.0,FALSE,5.0,30.0,0.5,FALSE,reduce-overhead,2,30.0,5.0,31,0.95,15,,,0,5,0,"0,20,39",,,../varifocal/data,,runs_gm,,4,20260415_153430,all,FALSE,,FALSE,,
gm_scene0_coc_linear_20260415_172434,single_scene,6.832178115844727,1,1,,6.796493053436279,6.789454460144043,6.910586833953857,best_psnr,resnet_film,coc,fc,128,,FALSE,FALSE,silu,,50,1,0.0001,1e-05,50,0.2,linear,0.002,FALSE,constant_scale,0.1,,TRUE,TRUE,TRUE,FALSE,FALSE,1.0,1.0,1.0,1.0,1.0,FALSE,FALSE,FALSE,FALSE,1e-07,1e-07,1e-07,1.0,1.0,1.0,1.0,FALSE,0.01,1.0,FALSE,0.01,TRUE,0,FALSE,5.0,30.0,0,10,FALSE,10.0,30.0,FALSE,5.0,30.0,0.5,FALSE,reduce-overhead,2,30.0,5.0,31,0.95,15,,,0,5,0,"0,20,39",,,../varifocal/data,,runs_gm,,4,20260415_172434,all,FALSE,,FALSE,,
gm_coc_conv1x1_cosine_20260310_080631,other_5scene,,,9,,,,,steps100_ss0p2,,coc,conv1x1,,,,,,,100,4,0.0001,1e-05,100,0.2,cosine,0.002,FALSE,,,,,,,,,,,,,,,,,,,,,,,,,,,,,,FALSE,5,,,,,,,,,,,,,,,,,,,,,,,0,5,0,20,,,../varifocal/data,,runs_gm,,4,20260310_080631,,,,,,
gm_coc_cosine_20260310_075915,other_5scene,,,9,,,,,steps100_ss0p2,,coc,fc,,,,,,,100,4,0.0001,1e-05,100,0.2,cosine,0.002,FALSE,,,,,,,,,,,,,,,,,,,,,,,,,,,,,,FALSE,5,,,,,,,,,,,,,,,,,,,,,,,0,5,0,20,,,../varifocal/data,,runs_gm,,4,20260310_075915,,,,,,
